Vendor_ID,Vendor_Type,Area,Latitude,Longitude,Customer_Footfall,Traffic_Congestion_Level,Waste_Generation_kg,Peak_Hour,Digital_Payment_Available,Timestamp
V001,Flowers,Hospital Zone,13.055406,77.649727,427,4,8.24,Afternoon,No,2026-05-07 13:39:00
V002,Flowers,Railway Station,12.906351,77.639731,31,4,18.05,Afternoon,No,2026-05-06 02:02:00
V003,Fruit,Mall Junction,13.02609,77.552598,454,2,5.02,Evening,Yes,2026-05-06 02:31:00
V004,Fruit,Mall Junction,13.071292,77.642561,301,10,5.32,Evening,No,2026-05-04 12:04:00
V005,Flowers,Mall Junction,12.932021,77.625361,465,2,6.64,Afternoon,No,2026-05-04 21:40:00
V006,Tea Stall,Hospital Zone,12.920759,77.653154,401,1,18.32,Morning,No,2026-05-04 09:30:00
V007,Snacks,Market Road,12.93616,77.600895,373,10,16.69,Afternoon,No,2026-05-03 07:35:00
V008,Flowers,City Center,12.960342,77.602418,173,9,13.55,Afternoon,Yes,2026-05-05 06:35:00
V009,Food,College Area,12.916498,77.662338,193,8,16.72,Morning,No,2026-05-04 02:01:00
V010,Flowers,Market Road,13.079992,77.694457,45,1,2.07,Evening,No,2026-05-02 11:25:00
V011,Tea Stall,City Center,12.988462,77.540163,316,8,1.7,Evening,Yes,2026-05-05 06:58:00
V012,Fruit,College Area,13.090821,77.689458,76,2,1.76,Morning,No,2026-05-07 06:39:00
V013,Food,City Center,13.098344,77.555173,351,3,4.44,Afternoon,No,2026-05-04 05:01:00
V014,Flowers,Market Road,12.980497,77.58887,448,2,2.18,Afternoon,Yes,2026-05-07 20:54:00
V015,Flowers,Bus Stand,13.066249,77.652359,320,1,7.23,Afternoon,Yes,2026-05-07 11:55:00
V016,Snacks,City Center,12.918819,77.626152,23,7,2.96,Evening,Yes,2026-05-03 23:39:00
V017,Electronics,Mall Junction,12.979741,77.553872,471,1,18.51,Afternoon,No,2026-05-04 23:29:00
V018,Clothing,Hospital Zone,12.911219,77.5196,483,10,2.62,Evening,No,2026-05-04 11:51:00
V019,Flowers,Tech Park,13.08479,77.696975,49,10,4.22,Evening,No,2026-05-03 12:55:00
V020,Fruit,Bus Stand,12.920786,77.536355,123,1,10.56,Morning,Yes,2026-05-04 12:58:00
V021,Flowers,College Area,13.030559,77.569972,87,5,13.61,Evening,No,2026-05-02 05:04:00
V022,Tea Stall,Bus Stand,13.053128,77.548484,294,5,6.65,Morning,Yes,2026-05-02 15:50:00
V023,Books,Market Road,13.062513,77.580991,286,7,11.29,Morning,Yes,2026-05-06 00:28:00
V024,Flowers,Tech Park,12.910677,77.545536,26,9,11.09,Morning,Yes,2026-05-04 14:15:00
V025,Electronics,Bus Stand,12.924016,77.607382,21,5,0.98,Morning,No,2026-05-03 11:12:00
V026,Fruit,Tech Park,12.944652,77.511157,64,3,10.49,Afternoon,Yes,2026-05-02 09:12:00
V027,Electronics,Mall Junction,12.948062,77.648319,126,2,5.58,Evening,No,2026-05-07 06:03:00
V028,Flowers,College Area,12.985427,77.569972,95,2,9.3,Morning,Yes,2026-05-05 20:13:00
V029,Electronics,College Area,13.036904,77.691903,461,6,19.89,Afternoon,Yes,2026-05-06 21:13:00
V030,Snacks,Market Road,13.089549,77.569856,287,5,7.1,Morning,No,2026-05-02 04:12:00
V031,Fruit,Mall Junction,12.992376,77.512854,304,5,12.03,Afternoon,Yes,2026-05-01 18:27:00
V032,Fruit,Railway Station,13.099668,77.543482,218,9,16.57,Afternoon,No,2026-05-03 14:04:00
V033,Books,Hospital Zone,13.084767,77.62091,407,10,19.08,Afternoon,No,2026-05-05 09:20:00
V034,Fruit,Tech Park,13.046706,77.610966,483,7,2.54,Morning,Yes,2026-05-03 01:56:00
V035,Books,Hospital Zone,12.918373,77.637325,493,9,3.3,Evening,Yes,2026-05-01 15:58:00
V036,Tea Stall,Mall Junction,12.982355,77.594112,205,2,17.74,Afternoon,Yes,2026-05-06 21:10:00
V037,Clothing,Tech Park,12.913399,77.639445,335,6,15.71,Evening,Yes,2026-05-02 18:04:00
V038,Clothing,Hospital Zone,13.048529,77.640051,466,2,13.51,Afternoon,No,2026-05-03 18:09:00
V039,Fruit,Market Road,13.099369,77.579448,368,5,2.3,Evening,No,2026-05-02 16:42:00
V040,Snacks,Tech Park,13.099832,77.622126,348,5,17.81,Morning,No,2026-05-03 17:33:00
V041,Tea Stall,Mall Junction,12.917939,77.568046,297,4,6.42,Afternoon,No,2026-05-06 23:10:00
V042,Clothing,Railway Station,13.068651,77.665284,323,8,0.96,Evening,Yes,2026-05-06 00:56:00
V043,Tea Stall,Market Road,12.999646,77.615168,296,2,16.7,Morning,Yes,2026-05-03 15:32:00
V044,Flowers,College Area,13.00354,77.577636,209,2,16.79,Evening,Yes,2026-05-05 16:20:00
V045,Books,Hospital Zone,12.951699,77.528194,326,2,17.57,Evening,Yes,2026-05-06 09:24:00
V046,Flowers,Railway Station,13.060783,77.554435,470,9,12.36,Morning,Yes,2026-05-07 02:00:00
V047,Snacks,Market Road,12.968427,77.525729,442,10,18.45,Morning,No,2026-05-06 07:15:00
V048,Fruit,City Center,13.056536,77.585644,416,7,0.65,Afternoon,No,2026-05-03 21:32:00
V049,Books,Hospital Zone,12.964605,77.630539,108,2,9.29,Evening,Yes,2026-05-06 08:12:00
V050,Tea Stall,Market Road,12.91635,77.655921,440,7,10.38,Evening,Yes,2026-05-05 15:51:00
V051,Food,City Center,13.045715,77.65426,210,5,15.79,Afternoon,No,2026-05-04 06:47:00
V052,Flowers,City Center,13.048697,77.56256,499,2,10.29,Morning,Yes,2026-05-07 12:46:00
V053,Electronics,Bus Stand,13.023142,77.568224,389,10,10.72,Evening,No,2026-05-01 14:55:00
V054,Books,Mall Junction,12.970016,77.610304,306,7,8.37,Afternoon,Yes,2026-05-06 07:12:00
V055,Fruit,Railway Station,12.941847,77.543041,91,2,8.6,Evening,No,2026-05-06 17:33:00
V056,Electronics,Tech Park,13.080524,77.612437,433,6,8.73,Morning,No,2026-05-06 18:17:00
V057,Electronics,Railway Station,13.089052,77.519324,278,8,6.37,Evening,No,2026-05-05 21:02:00
V058,Electronics,Hospital Zone,13.097813,77.502978,459,7,2.52,Afternoon,Yes,2026-05-03 12:40:00
V059,Snacks,Mall Junction,12.907158,77.541148,287,10,11.19,Morning,Yes,2026-05-03 15:59:00
V060,Snacks,Railway Station,13.049609,77.529883,392,10,6.95,Morning,No,2026-05-07 13:23:00
V061,Tea Stall,City Center,13.095228,77.625574,103,10,4.04,Evening,Yes,2026-05-01 23:59:00
V062,Food,Mall Junction,12.91472,77.589951,167,1,9.04,Evening,Yes,2026-05-06 06:18:00
V063,Food,Hospital Zone,12.961219,77.613836,263,6,12.02,Evening,Yes,2026-05-03 15:33:00
V064,Books,Railway Station,13.071968,77.510985,158,8,3.25,Afternoon,Yes,2026-05-07 01:50:00
V065,Books,Hospital Zone,12.999158,77.603362,155,4,16.6,Morning,Yes,2026-05-01 11:33:00
V066,Fruit,Tech Park,13.009956,77.519352,500,6,3.48,Morning,Yes,2026-05-03 03:15:00
V067,Snacks,Bus Stand,13.083812,77.594744,76,7,17.7,Morning,Yes,2026-05-07 21:35:00
V068,Food,Tech Park,12.973105,77.652781,495,10,15.99,Morning,Yes,2026-05-02 07:37:00
V069,Electronics,Bus Stand,13.062294,77.527981,41,5,3.18,Morning,Yes,2026-05-02 19:45:00
V070,Electronics,Hospital Zone,13.09931,77.692632,73,2,12.45,Evening,No,2026-05-04 08:29:00
V071,Fruit,City Center,12.973685,77.682272,163,5,7.76,Afternoon,Yes,2026-05-04 12:54:00
V072,Electronics,Bus Stand,12.954356,77.66059,219,1,13.47,Morning,Yes,2026-05-03 22:31:00
V073,Fruit,Mall Junction,12.989124,77.575068,119,3,14.45,Evening,Yes,2026-05-06 09:10:00
V074,Flowers,College Area,13.091972,77.533219,255,4,3.28,Morning,Yes,2026-05-02 16:18:00
V075,Snacks,Mall Junction,12.949159,77.514277,256,4,9.68,Afternoon,No,2026-05-03 12:05:00
V076,Books,Tech Park,13.017145,77.64756,22,5,12.33,Afternoon,No,2026-05-05 06:49:00
V077,Food,Bus Stand,12.964627,77.542411,406,8,14.1,Evening,No,2026-05-03 15:51:00
V078,Food,College Area,13.049507,77.606493,260,3,6.41,Evening,Yes,2026-05-02 07:07:00
V079,Snacks,City Center,13.017757,77.616631,82,7,10.33,Afternoon,Yes,2026-05-05 08:24:00
V080,Books,Hospital Zone,12.911652,77.518282,255,8,16.63,Evening,No,2026-05-07 13:23:00
V081,Clothing,Tech Park,12.962641,77.515172,45,9,17.34,Morning,No,2026-05-04 18:46:00
V082,Flowers,Tech Park,13.087827,77.635322,427,10,14.36,Evening,No,2026-05-07 15:39:00
V083,Fruit,Tech Park,12.999965,77.68881,328,9,3.31,Morning,Yes,2026-05-02 17:20:00
V084,Clothing,Tech Park,12.974209,77.53507,157,8,14.7,Evening,Yes,2026-05-02 10:54:00
V085,Tea Stall,Mall Junction,13.06508,77.526553,432,5,7.23,Afternoon,Yes,2026-05-07 06:26:00
V086,Fruit,Tech Park,12.921702,77.552531,177,3,0.98,Afternoon,No,2026-05-01 07:48:00
V087,Books,College Area,12.989182,77.529021,126,1,19.84,Afternoon,No,2026-05-07 14:41:00
V088,Snacks,College Area,12.923923,77.510769,102,2,14.97,Morning,No,2026-05-06 22:21:00
V089,Flowers,Hospital Zone,13.049222,77.567726,424,5,5.07,Evening,No,2026-05-05 12:52:00
V090,Tea Stall,Hospital Zone,12.914653,77.57793,140,4,19.07,Afternoon,No,2026-05-07 00:01:00
V091,Tea Stall,Mall Junction,13.010057,77.510996,342,2,17.97,Morning,No,2026-05-07 15:17:00
V092,Snacks,Bus Stand,12.953977,77.629062,188,8,14.74,Evening,Yes,2026-05-02 07:32:00
V093,Clothing,College Area,12.961604,77.591436,93,4,4.03,Morning,Yes,2026-05-05 19:54:00
V094,Electronics,City Center,13.084432,77.548078,337,5,9.87,Evening,No,2026-05-08 01:54:00
V095,Snacks,Hospital Zone,12.988029,77.511738,303,2,16.43,Afternoon,Yes,2026-05-03 02:57:00
V096,Food,Tech Park,12.962602,77.565488,381,3,19.4,Evening,Yes,2026-05-03 06:05:00
V097,Food,Mall Junction,13.061251,77.663259,310,5,2.89,Evening,No,2026-05-07 21:59:00
V098,Clothing,Mall Junction,13.044971,77.573687,108,2,14.02,Morning,No,2026-05-03 12:22:00
V099,Books,Mall Junction,13.015564,77.665184,325,1,9.34,Morning,No,2026-05-08 02:21:00
V100,Food,Railway Station,12.929099,77.66664,141,5,12.59,Evening,Yes,2026-05-05 10:38:00
V101,Snacks,Railway Station,12.911513,77.672657,379,8,17.96,Evening,Yes,2026-05-03 21:00:00
V102,Tea Stall,Railway Station,13.049627,77.521397,429,4,3.88,Afternoon,Yes,2026-05-05 14:08:00
V103,Snacks,City Center,13.030786,77.522049,452,4,4.03,Afternoon,No,2026-05-07 08:44:00
V104,Food,Bus Stand,12.950272,77.546609,135,6,15.98,Evening,No,2026-05-04 16:06:00
V105,Clothing,Bus Stand,12.984886,77.644837,331,5,14.44,Evening,No,2026-05-07 15:16:00
V106,Food,Railway Station,13.070029,77.565832,472,5,8.75,Afternoon,No,2026-05-02 08:54:00
V107,Fruit,City Center,13.052123,77.551714,256,5,17.27,Morning,Yes,2026-05-05 17:51:00
V108,Clothing,Mall Junction,12.976756,77.587846,194,9,13.04,Evening,Yes,2026-05-07 19:27:00
V109,Clothing,Bus Stand,13.070535,77.654727,290,6,16.01,Afternoon,No,2026-05-02 06:39:00
V110,Books,Mall Junction,12.909663,77.519701,380,1,13.12,Morning,No,2026-05-02 11:08:00
V111,Food,City Center,12.998238,77.627112,126,5,19.92,Evening,Yes,2026-05-03 03:28:00
V112,Books,City Center,13.059579,77.660157,327,10,15.9,Afternoon,Yes,2026-05-02 20:21:00
V113,Books,City Center,13.042576,77.503229,144,2,15.63,Evening,Yes,2026-05-07 12:17:00
V114,Food,Railway Station,12.934362,77.605968,381,5,0.96,Evening,Yes,2026-05-05 04:54:00
V115,Clothing,Bus Stand,12.96034,77.615987,434,1,4.55,Evening,No,2026-05-03 15:28:00
V116,Flowers,Mall Junction,13.029691,77.557863,297,1,3.47,Morning,No,2026-05-02 01:05:00
V117,Fruit,Bus Stand,12.926683,77.567945,304,5,3.58,Morning,No,2026-05-06 11:11:00
V118,Food,Railway Station,13.047554,77.661452,388,2,13.9,Evening,Yes,2026-05-04 18:38:00
V119,Electronics,Market Road,12.958834,77.68988,464,1,7.37,Morning,No,2026-05-05 06:01:00
V120,Books,Hospital Zone,12.901565,77.671914,381,3,11.67,Morning,Yes,2026-05-07 07:01:00
V121,Flowers,Bus Stand,13.045688,77.669719,99,9,11.39,Afternoon,Yes,2026-05-05 11:37:00
V122,Fruit,Tech Park,12.919126,77.503084,311,6,11.73,Afternoon,Yes,2026-05-08 02:41:00
V123,Flowers,Hospital Zone,12.94873,77.57088,337,10,4.8,Afternoon,No,2026-05-03 19:38:00
V124,Clothing,Tech Park,13.078122,77.638357,306,9,6.35,Afternoon,No,2026-05-02 22:33:00
V125,Food,City Center,13.077307,77.639129,442,7,6.59,Afternoon,No,2026-05-03 22:50:00
V126,Books,City Center,13.081439,77.698074,348,6,2.09,Morning,Yes,2026-05-05 22:50:00
V127,Tea Stall,City Center,13.064924,77.599869,384,3,12.04,Evening,No,2026-05-04 00:16:00
V128,Books,Market Road,12.973787,77.615378,495,9,9.37,Evening,No,2026-05-05 09:29:00
V129,Books,College Area,12.956026,77.57922,296,1,5.65,Evening,No,2026-05-03 20:18:00
V130,Snacks,Railway Station,12.960089,77.529527,475,10,9.88,Afternoon,Yes,2026-05-04 13:46:00
V131,Snacks,Tech Park,13.006735,77.686004,338,4,8.76,Evening,Yes,2026-05-01 12:52:00
V132,Electronics,College Area,12.966012,77.695009,456,7,18.25,Evening,No,2026-05-02 20:48:00
V133,Flowers,Hospital Zone,12.977002,77.686185,219,1,5.12,Afternoon,Yes,2026-05-01 08:26:00
V134,Books,College Area,13.00967,77.688922,470,2,17.47,Morning,No,2026-05-04 08:22:00
V135,Electronics,Bus Stand,12.985582,77.593449,212,3,4.18,Evening,No,2026-05-04 15:41:00
V136,Flowers,College Area,12.9886,77.524449,460,2,15.39,Morning,Yes,2026-05-05 08:42:00
V137,Flowers,Tech Park,12.97293,77.639421,264,10,3.11,Afternoon,Yes,2026-05-07 03:37:00
V138,Books,Market Road,12.933897,77.651068,406,5,13.34,Afternoon,Yes,2026-05-04 08:48:00
V139,Flowers,Market Road,12.989426,77.52287,262,2,18.56,Morning,Yes,2026-05-01 08:27:00
V140,Food,Tech Park,12.985049,77.634048,314,4,10.95,Afternoon,No,2026-05-06 13:28:00
V141,Food,Hospital Zone,12.995151,77.519446,217,7,17.12,Evening,No,2026-05-05 20:44:00
V142,Fruit,Mall Junction,13.023196,77.678756,372,5,4.93,Morning,No,2026-05-02 21:11:00
V143,Fruit,College Area,12.996955,77.696388,288,2,1.15,Evening,No,2026-05-04 11:54:00
V144,Fruit,College Area,13.026999,77.607845,460,6,4.13,Afternoon,Yes,2026-05-05 10:24:00
V145,Tea Stall,Tech Park,13.05447,77.68806,72,9,1.08,Afternoon,No,2026-05-07 00:01:00
V146,Flowers,Bus Stand,12.915833,77.654088,109,3,6.2,Afternoon,Yes,2026-05-03 16:46:00
V147,Electronics,Market Road,12.938405,77.662735,144,8,2.27,Morning,Yes,2026-05-07 23:47:00
V148,Flowers,City Center,13.001588,77.650304,125,10,8.33,Morning,No,2026-05-03 16:47:00
V149,Tea Stall,Hospital Zone,12.929725,77.627457,173,10,8.05,Afternoon,Yes,2026-05-04 21:39:00
V150,Clothing,Market Road,13.093701,77.654094,180,7,11.09,Morning,Yes,2026-05-05 21:13:00
V151,Fruit,Market Road,13.01248,77.513971,330,5,17.33,Afternoon,Yes,2026-05-08 00:42:00
V152,Tea Stall,Mall Junction,13.012053,77.631675,286,3,5.41,Afternoon,Yes,2026-05-02 03:59:00
V153,Fruit,Bus Stand,13.016292,77.563555,54,2,18.86,Morning,Yes,2026-05-04 11:25:00
V154,Snacks,College Area,12.942621,77.660706,63,2,12.82,Morning,No,2026-05-01 10:19:00
V155,Tea Stall,Market Road,13.026133,77.573246,372,7,14.46,Afternoon,No,2026-05-07 08:17:00
V156,Snacks,College Area,12.979073,77.661785,115,5,6.6,Evening,No,2026-05-06 22:32:00
V157,Snacks,Railway Station,12.998407,77.555585,495,10,7.82,Evening,Yes,2026-05-04 01:59:00
V158,Books,Mall Junction,12.936154,77.651452,128,1,2.94,Morning,No,2026-05-08 01:19:00
V159,Tea Stall,Railway Station,13.036541,77.500633,368,4,7.18,Afternoon,Yes,2026-05-06 12:50:00
V160,Fruit,College Area,13.006978,77.562982,89,8,0.88,Afternoon,No,2026-05-04 01:00:00
V161,Flowers,Market Road,13.015194,77.646027,285,3,2.42,Morning,Yes,2026-05-03 23:24:00
V162,Fruit,Tech Park,13.018798,77.565511,247,4,15.93,Afternoon,Yes,2026-05-04 12:38:00
V163,Flowers,Tech Park,13.094843,77.552527,426,9,16.46,Evening,Yes,2026-05-04 19:37:00
V164,Flowers,College Area,13.052034,77.549451,65,6,17.58,Morning,No,2026-05-04 06:55:00
V165,Books,Tech Park,13.081652,77.683376,175,9,1.35,Morning,Yes,2026-05-04 15:18:00
V166,Tea Stall,Tech Park,12.976203,77.618361,341,5,2.15,Morning,No,2026-05-07 16:22:00
V167,Food,City Center,12.967529,77.634133,196,1,3.79,Evening,Yes,2026-05-04 14:40:00
V168,Books,College Area,12.902988,77.687091,237,2,16.12,Afternoon,Yes,2026-05-07 04:02:00
V169,Snacks,City Center,13.010085,77.633331,293,9,5.71,Afternoon,No,2026-05-03 05:01:00
V170,Snacks,City Center,13.014866,77.642558,374,1,19.69,Afternoon,Yes,2026-05-02 19:10:00
V171,Fruit,Bus Stand,13.000226,77.655073,93,5,10.61,Evening,Yes,2026-05-04 10:16:00
V172,Food,College Area,13.000317,77.691658,440,10,2.31,Afternoon,Yes,2026-05-02 07:35:00
V173,Flowers,City Center,12.944843,77.628081,54,10,8.41,Morning,Yes,2026-05-03 21:11:00
V174,Clothing,Tech Park,12.931086,77.659449,91,8,2.86,Evening,Yes,2026-05-04 15:19:00
V175,Books,Bus Stand,12.960847,77.68113,452,8,1.85,Evening,No,2026-05-01 21:33:00
V176,Food,Market Road,13.054186,77.584018,287,1,9.35,Morning,No,2026-05-07 02:10:00
V177,Flowers,Mall Junction,12.912371,77.56581,40,4,16.86,Evening,Yes,2026-05-03 10:08:00
V178,Electronics,College Area,12.920063,77.51238,101,4,13.46,Morning,No,2026-05-04 21:19:00
V179,Electronics,Tech Park,13.02667,77.67672,158,1,17.85,Morning,Yes,2026-05-07 00:52:00
V180,Books,Market Road,13.067573,77.655154,278,5,16.04,Evening,No,2026-05-08 03:55:00
V181,Snacks,City Center,12.976749,77.587178,60,10,8.35,Evening,Yes,2026-05-07 11:04:00
V182,Food,Railway Station,13.018299,77.548167,272,2,12.34,Evening,Yes,2026-05-03 15:17:00
V183,Snacks,Tech Park,13.044057,77.52188,226,8,18.01,Evening,No,2026-05-06 23:24:00
V184,Fruit,Hospital Zone,12.958313,77.696294,41,2,6.51,Morning,No,2026-05-05 07:41:00
V185,Food,Hospital Zone,13.098288,77.524219,257,9,10.32,Evening,No,2026-05-06 13:50:00
V186,Clothing,Railway Station,13.092748,77.689023,168,1,12.53,Evening,Yes,2026-05-06 10:54:00
V187,Clothing,Mall Junction,13.006418,77.521068,155,4,2.83,Morning,No,2026-05-01 15:59:00
V188,Snacks,Tech Park,12.914143,77.617362,233,1,14.43,Evening,No,2026-05-02 23:15:00
V189,Snacks,Railway Station,13.070405,77.657122,246,3,15.71,Morning,No,2026-05-04 21:11:00
V190,Food,City Center,13.073387,77.652863,30,6,17.42,Morning,Yes,2026-05-06 05:36:00
V191,Fruit,Bus Stand,13.056432,77.699565,442,10,7.07,Evening,Yes,2026-05-01 12:43:00
V192,Snacks,Market Road,12.996048,77.501547,350,2,8.69,Evening,No,2026-05-01 11:04:00
V193,Fruit,Railway Station,13.092301,77.642875,92,10,3.25,Morning,No,2026-05-04 07:53:00
V194,Flowers,College Area,12.923978,77.637698,389,4,15.03,Evening,Yes,2026-05-05 22:22:00
V195,Food,College Area,13.048382,77.61724,141,1,2.11,Afternoon,No,2026-05-05 10:05:00
V196,Books,Mall Junction,13.048962,77.684139,142,1,17.92,Afternoon,Yes,2026-05-03 00:42:00
V197,Flowers,College Area,12.931334,77.687717,483,10,18.71,Morning,Yes,2026-05-04 07:24:00
V198,Snacks,City Center,12.925131,77.543833,476,1,9.02,Evening,Yes,2026-05-07 15:39:00
V199,Snacks,College Area,12.952704,77.654568,22,5,18.55,Morning,Yes,2026-05-05 14:33:00
V200,Flowers,Tech Park,13.01053,77.528534,153,1,7.31,Morning,No,2026-05-04 01:56:00
